# KNX IP Secure routing vectors from xknx 3.20.0, written by script/feature/knx/secure-vectors/generate.py.
# Regenerate rather than edit, and review the diff. Octets are lower-case hexadecimal.
kind	key	timer_value	serial_number	message_tag	plain	wire
wrapper	000102030405060708090a0b0c0d0e0f	c0c1c2c3c4c5	0000786b6e78	affe	0610053000112900bcd011590ade010081	0610095000370000c0c1c2c3c4c50000786b6e78affeaa3ca1b5e3c7cb69d09f620cc0b82a7d339baa8729aa2d5801d38bdeb78a352680
wrapper	96f034fccf510760cbd63da0f70d4a9d	000000000000	0000786b6e78	0000	0610053000112900bcd011590ade010081	06100950003700000000000000000000786b6e780000e5a5db925c0265f09670b3f359b80b1fd5b6dfd8032644384026ca2b0146650660
wrapper	96f034fccf510760cbd63da0f70d4a9d	00000036ee80	0000786b6e78	1234	06100532000c060000640000	061009500032000000000036ee800000786b6e7812342ceccc4bc02b76bc6ccb7a7377f25db998153ffb23c9eea8298240e3
wrapper	96f034fccf510760cbd63da0f70d4a9d	ffffffffffff	0000786b6e78	ffff	06100531000a04000003	0610095000300000ffffffffffff0000786b6e78ffff95b10fb61bee5c5297d5c11e57990ca16a3b70b26b6012075c5d
timer_notify	96f034fccf510760cbd63da0f70d4a9d	000000000000	0000786b6e78	0001		0610095500240000000000000000786b6e78000164c56f98d81d576f89849ca1f49c29cc
timer_notify	96f034fccf510760cbd63da0f70d4a9d	00000036ee80	00fa12345678	1234		06100955002400000036ee8000fa12345678123474e80fd18cb547f3911460f8b223b31a
timer_notify	000102030405060708090a0b0c0d0e0f	c0c1c2c3c4c5	00fa12345678	affe		061009550024c0c1c2c3c4c500fa12345678affeee7b9b3083deb1570eb38d073adad985
timer_notify	96f034fccf510760cbd63da0f70d4a9d	ffffffffffff	0000786b6e78	ffff		061009550024ffffffffffff0000786b6e78fffff6d15410cc574f8c1295eb516f576f4f
